isic_id,target
ISIC_0015657,0.00195727
ISIC_0015729,0.00019539817
ISIC_0015740,0.0003583899
