isic_id,target
ISIC_0015657,0.0022353334
ISIC_0015729,0.00014936241
ISIC_0015740,0.0003146593
